offer,点击,转化,总价,均价,CR,EPC
Adscent-52 (131316) 193-QuoteWizard-Home Insurance,635,200,$661.73721,$3.31,31.50%,$1.0421
Adscent-52 (15587)223-AutoQuoteMarket,"1,969",688,"$1,078.75789",$1.57,34.94%,$0.5479
8136,0,0,$0.00,$0.00,0.00%,$0.0000
